name,city,state,screens,source
INOX Odeon Connaught Place,Delhi,Delhi,,https://www.district.in/movies/cinemas-in-delhi-ncr
INOX Patel Nagar,Delhi,Delhi,,https://www.district.in/movies/cinemas-in-delhi-ncr
INOX Insignia Epicuria Nehru Place,Delhi,Delhi,,https://www.district.in/movies/cinemas-in-delhi-ncr
INOX Nehru Place,Delhi,Delhi,,https://www.district.in/movies/cinemas-in-delhi-ncr
INOX Vishal Mall Rajouri Garden,Delhi,Delhi,,https://www.district.in/movies/cinemas-in-delhi-ncr
INOX RCube Monad Mall,Delhi,Delhi,,https://www.district.in/movies/cinemas-in-delhi-ncr
INOX Pacific Mall Jasola,Delhi,Delhi,,https://www.district.in/movies/cinemas-in-delhi-ncr
INOX Janak Place,Delhi,Delhi,,https://www.district.in/movies/cinemas-in-delhi-ncr
PVR Plaza Connaught Place,Delhi,Delhi,,https://www.district.in/movies/cinemas-in-delhi-ncr
PVR ECX Chanakyapuri,Delhi,Delhi,,https://www.district.in/movies/cinemas-in-delhi-ncr
PVR Sangam RK Puram,Delhi,Delhi,,https://www.district.in/movies/cinemas-in-delhi-ncr
PVR Midtown Moti Nagar,Delhi,Delhi,,https://www.district.in/movies/cinemas-in-delhi-ncr
PVR Naraina,Delhi,Delhi,,https://www.district.in/movies/cinemas-in-delhi-ncr
PVR Anupam Saket,Delhi,Delhi,,https://www.district.in/movies/cinemas-in-delhi-ncr
PVR Select Citywalk,Delhi,Delhi,,https://www.district.in/movies/cinemas-in-delhi-ncr
PVR Promenade Vasant Kunj,Delhi,Delhi,,https://www.district.in/movies/cinemas-in-delhi-ncr
PVR Directors Cut Ambience Mall Vasant Kunj,Delhi,Delhi,,https://www.district.in/movies/cinemas-in-delhi-ncr
PVR Pacific Subhash Nagar,Delhi,Delhi,,https://www.district.in/movies/cinemas-in-delhi-ncr
PVR Shalimar Bagh DLF City Centre Mall,Delhi,Delhi,,https://www.district.in/movies/cinemas-in-delhi-ncr
PVR Cinemagic Pitampura,Delhi,Delhi,,https://www.district.in/movies/cinemas-in-delhi-ncr
PVR Vikaspuri,Delhi,Delhi,,https://www.district.in/movies/cinemas-in-delhi-ncr
PVR Vegas Dwarka,Delhi,Delhi,,https://www.district.in/movies/cinemas-in-delhi-ncr
PVR Pacific D21 Dwarka,Delhi,Delhi,,https://www.district.in/movies/cinemas-in-delhi-ncr
INOX Shipra Mall Indirapuram,Ghaziabad,Uttar Pradesh,,https://www.district.in/movies/cinemas-in-delhi-ncr
PVR EDM Mall,Ghaziabad,Uttar Pradesh,,https://www.district.in/movies/cinemas-in-delhi-ncr
PVR VVIP Raj Nagar Extension,Ghaziabad,Uttar Pradesh,,https://www.district.in/movies/cinemas-in-delhi-ncr
PVR Opulent Mall,Ghaziabad,Uttar Pradesh,,https://www.district.in/movies/cinemas-in-delhi-ncr
PVR Mahagun Metro Mall,Ghaziabad,Uttar Pradesh,,https://www.district.in/movies/cinemas-in-delhi-ncr
INOX Crown Interiorz Mall,Faridabad,Haryana,,https://www.district.in/movies/cinemas-in-delhi-ncr
INOX EF3 Mall,Faridabad,Haryana,,https://www.district.in/movies/cinemas-in-delhi-ncr
PVR Pebble Downtown,Faridabad,Haryana,,https://www.district.in/movies/cinemas-in-delhi-ncr
PVR Pacific Mall NIT,Faridabad,Haryana,,https://www.district.in/movies/cinemas-in-delhi-ncr
PVR Superplex Mall of India Sector 18,Noida,Uttar Pradesh,,https://www.district.in/movies/cinemas-in-delhi-ncr
PVR Directors Cut DLF Mall of India,Noida,Uttar Pradesh,,https://www.district.in/movies/cinemas-in-delhi-ncr
PVR Superplex Logix Sector 32,Noida,Uttar Pradesh,,https://www.district.in/movies/cinemas-in-delhi-ncr
PVR Gaur City,Greater Noida,Uttar Pradesh,,https://www.district.in/movies/cinemas-in-delhi-ncr
INOX Omaxe Connaught Place Mall,Greater Noida,Uttar Pradesh,,https://www.district.in/movies/cinemas-in-delhi-ncr
PVR Elan Town Centre Sector 67,Gurugram,Haryana,,https://www.district.in/movies/cinemas-in-gurgaon
PVR City Centre DLF City Centre Mall,Gurugram,Haryana,,https://www.district.in/movies/cinemas-in-gurgaon
PVR Mega Mall Golf Course Road,Gurugram,Haryana,,https://www.district.in/movies/cinemas-in-gurgaon
PVR Elan Miracle Sector 84,Gurugram,Haryana,,https://www.district.in/movies/cinemas-in-gurgaon
PVR DLF Summit Plaza,Gurugram,Haryana,,https://www.district.in/movies/cinemas-in-gurgaon
Pepsi PVR Ambience,Gurugram,Haryana,,https://www.district.in/movies/cinemas-in-gurgaon
INOX AIPL Joy Street,Gurugram,Haryana,,https://www.district.in/movies/cinemas-in-gurgaon
INOX Gurugram Ardee Mall,Gurugram,Haryana,,https://www.district.in/movies/cinemas-in-gurgaon
INOX World Mark Sector 65,Gurugram,Haryana,,https://www.district.in/movies/cinemas-in-gurgaon
INOX Gurugram Sapphire 83,Gurugram,Haryana,,https://www.district.in/movies/cinemas-in-gurgaon
INOX Iris Broadways Sector 85,Gurugram,Haryana,,https://www.district.in/movies/cinemas-in-gurgaon
INOX Sapphire 90 Mall,Gurugram,Haryana,,https://www.district.in/movies/cinemas-in-gurgaon
INOX PVS Mall Shastri Nagar,Meerut,Uttar Pradesh,,https://www.district.in/movies/cinemas-in-meerut
PVR C&B Square Chakala Andheri East,Mumbai,Maharashtra,,https://www.district.in/movies/cinemas-in-mumbai
PVR ICON Infiniti Andheri West,Mumbai,Maharashtra,,https://www.district.in/movies/cinemas-in-mumbai
PVR Citi Mall Andheri West,Mumbai,Maharashtra,,https://www.district.in/movies/cinemas-in-mumbai
PVR Market City Kurla,Mumbai,Maharashtra,,https://www.district.in/movies/cinemas-in-mumbai
PVR Dynamix Juhu,Mumbai,Maharashtra,,https://www.district.in/movies/cinemas-in-mumbai
PVR Odeon Ghatkopar East,Mumbai,Maharashtra,,https://www.district.in/movies/cinemas-in-mumbai
PVR Lido Santacruz,Mumbai,Maharashtra,,https://www.district.in/movies/cinemas-in-mumbai
PVR Infiniti Malad,Mumbai,Maharashtra,,https://www.district.in/movies/cinemas-in-mumbai
PVR Milap Kandivali,Mumbai,Maharashtra,,https://www.district.in/movies/cinemas-in-mumbai
PVR Le Reve Globus Mall Bandra,Mumbai,Maharashtra,,https://www.district.in/movies/cinemas-in-mumbai
PVR ICON Phoenix Palladium Lower Parel,Mumbai,Maharashtra,,https://www.district.in/movies/cinemas-in-mumbai
INOX R City Ghatkopar,Mumbai,Maharashtra,,https://www.district.in/movies/cinemas-in-mumbai
INOX Megaplex Inorbit Mall Malad,Mumbai,Maharashtra,,https://www.district.in/movies/cinemas-in-mumbai
INOX Raghuleela Mega Mall Kandivali,Mumbai,Maharashtra,,https://www.district.in/movies/cinemas-in-mumbai
INOX Nakshatra Mall Dadar,Mumbai,Maharashtra,,https://www.district.in/movies/cinemas-in-mumbai
INOX Thakur Mall Dahisar,Mumbai,Maharashtra,,https://www.district.in/movies/cinemas-in-mumbai
INOX Insignia Atria Mall Worli,Mumbai,Maharashtra,,https://www.district.in/movies/cinemas-in-mumbai
INOX Laserplex CR2 Nariman Point,Mumbai,Maharashtra,,https://www.district.in/movies/cinemas-in-mumbai
INOX Megaplex Oberoi Sky City Mall,Mumbai,Maharashtra,,https://www.district.in/movies/cinemas-in-mumbai
EROS INOX IMAX Churchgate,Mumbai,Maharashtra,,https://www.district.in/movies/cinemas-in-mumbai
Metro INOX Cinema MG Road,Mumbai,Maharashtra,,https://www.district.in/movies/cinemas-in-mumbai
INOX Korum Mall Thane,Thane,Maharashtra,,https://www.district.in/movies/cinemas-in-thane
INOX Insignia R Mall Thane,Thane,Maharashtra,,https://www.district.in/movies/cinemas-in-thane
PVR Haseen Bhiwandi,Bhiwandi,Maharashtra,,https://www.district.in/movies/cinemas-in-thane
INOX Metro Junction Mall Kalyan,Kalyan,Maharashtra,,https://www.district.in/movies/cinemas-in-thane
PVR Lodha Xperia Palava,Palava,Maharashtra,,https://www.district.in/movies/cinemas-in-mumbai
PVR Orion Mall Panvel,Panvel,Maharashtra,,https://www.district.in/movies/cinemas-in-mumbai
INOX Palm Beach Galleria Mall Vashi,Navi Mumbai,Maharashtra,,https://www.district.in/movies/cinemas-in-thane
PVR The Capital Mall Nalasopara,Nalasopara,Maharashtra,,https://www.district.in/movies/cinemas-in-thane
PVR Directors Cut Forum Rex Walk Brigade Road,Bengaluru,Karnataka,,https://www.district.in/movies/cinemas-in-bengaluru
PVR MSR Elements Mall,Bengaluru,Karnataka,,https://www.district.in/movies/cinemas-in-bengaluru
PVR VR Whitefield,Bengaluru,Karnataka,,https://www.district.in/movies/cinemas-in-bengaluru
PVR Phoenix Marketcity Whitefield,Bengaluru,Karnataka,,https://www.district.in/movies/cinemas-in-bengaluru
PVR Nexus Koramangala,Bengaluru,Karnataka,,https://www.district.in/movies/cinemas-in-bengaluru
PVR Orion Mall Rajkumar Road,Bengaluru,Karnataka,,https://www.district.in/movies/cinemas-in-bengaluru
PVR GT World Mall Magadi Road,Bengaluru,Karnataka,,https://www.district.in/movies/cinemas-in-bengaluru
PVR Vaishnavi Sapphire Mall Yeshwanthpur,Bengaluru,Karnataka,,https://www.district.in/movies/cinemas-in-bengaluru
PVR Vega City Bannerghatta Road,Bengaluru,Karnataka,,https://www.district.in/movies/cinemas-in-bengaluru
PVR Bhartiya Mall of Bengaluru,Bengaluru,Karnataka,,https://www.district.in/movies/cinemas-in-bengaluru
PVR Aura Park Square Whitefield,Bengaluru,Karnataka,,https://www.district.in/movies/cinemas-in-bengaluru
PVR Central Spirit Mall Bellandur,Bengaluru,Karnataka,,https://www.district.in/movies/cinemas-in-bengaluru
PVR Global Mall Mysore Road,Bengaluru,Karnataka,,https://www.district.in/movies/cinemas-in-bengaluru
PVR Superplex Forum Mall Kanakapura Road,Bengaluru,Karnataka,,https://www.district.in/movies/cinemas-in-bengaluru
PVR Orion Uptown Old Madras Road,Bengaluru,Karnataka,,https://www.district.in/movies/cinemas-in-bengaluru
INOX Garuda Mall Magrath Road,Bengaluru,Karnataka,,https://www.district.in/movies/cinemas-in-bengaluru
INOX Lido Mall Ulsoor,Bengaluru,Karnataka,,https://www.district.in/movies/cinemas-in-bengaluru
INOX Mantri Square Malleshwaram,Bengaluru,Karnataka,,https://www.district.in/movies/cinemas-in-bengaluru
INOX Shree Garuda Swagath Mall Jayanagar,Bengaluru,Karnataka,,https://www.district.in/movies/cinemas-in-bengaluru
INOX Brookefield Mall Kundalahalli,Bengaluru,Karnataka,,https://www.district.in/movies/cinemas-in-bengaluru
INOX Central Mantri Junction JP Nagar,Bengaluru,Karnataka,,https://www.district.in/movies/cinemas-in-bengaluru
INOX Megaplex Mall of Asia,Bengaluru,Karnataka,,https://www.district.in/movies/cinemas-in-bengaluru
INOX Galleria Mall Yelahanka,Bengaluru,Karnataka,,https://www.district.in/movies/cinemas-in-bengaluru
INOX Nexus The Forum Value Mall Whitefield,Bengaluru,Karnataka,,https://www.district.in/movies/cinemas-in-bengaluru
INOX Arcadia Brigade Utopia,Bengaluru,Karnataka,,https://www.district.in/movies/cinemas-in-bengaluru
INOX Garuda Yelahanka,Bengaluru,Karnataka,,https://www.district.in/movies/cinemas-in-bengaluru
INOX SBR Horizon Whitefield Hoskote Road,Bengaluru,Karnataka,,https://www.district.in/movies/cinemas-in-bengaluru
INOX M5 Ecity,Bengaluru,Karnataka,,https://www.district.in/movies/cinemas-in-bengaluru
PVR Irrum Manzil Khairatabad,Hyderabad,Telangana,,https://www.district.in/movies/cinemas-in-hyderabad
PVR Next Galleria Mall Panjagutta,Hyderabad,Telangana,,https://www.district.in/movies/cinemas-in-hyderabad
PVR Panjagutta Central Mall,Hyderabad,Telangana,,https://www.district.in/movies/cinemas-in-hyderabad
PVR Musarambagh Malakpet,Hyderabad,Telangana,,https://www.district.in/movies/cinemas-in-hyderabad
PVR RK Cineplex,Hyderabad,Telangana,,https://www.district.in/movies/cinemas-in-hyderabad
PVR Lakeshore Mall Y Junction,Hyderabad,Telangana,,https://www.district.in/movies/cinemas-in-hyderabad
PVR ICON Hitech Madhapur,Hyderabad,Telangana,,https://www.district.in/movies/cinemas-in-hyderabad
PVR Superplex Inorbit Cyberabad,Hyderabad,Telangana,,https://www.district.in/movies/cinemas-in-hyderabad
PVR Atrium Mall Gachibowli,Hyderabad,Telangana,,https://www.district.in/movies/cinemas-in-hyderabad
PVR Preston Gachibowli,Hyderabad,Telangana,,https://www.district.in/movies/cinemas-in-hyderabad
PVR Nexus Mall Kukatpally,Hyderabad,Telangana,,https://www.district.in/movies/cinemas-in-hyderabad
INOX Maheshwari Parmeshwari Mall Kachiguda,Hyderabad,Telangana,,https://www.district.in/movies/cinemas-in-hyderabad
INOX Odeon 4K Laser RTC X Roads,Hyderabad,Telangana,,https://www.district.in/movies/cinemas-in-hyderabad
INOX Sattva Necklace Mall Kavadiguda,Hyderabad,Telangana,,https://www.district.in/movies/cinemas-in-hyderabad
INOX GVK One Banjara Hills,Hyderabad,Telangana,,https://www.district.in/movies/cinemas-in-hyderabad
INOX Ashoka One Mall Kukatpally,Hyderabad,Telangana,,https://www.district.in/movies/cinemas-in-hyderabad
INOX Prism Mall Gachibowli,Hyderabad,Telangana,,https://www.district.in/movies/cinemas-in-hyderabad
INOX GSM Mall Madinaguda,Hyderabad,Telangana,,https://www.district.in/movies/cinemas-in-hyderabad
INOX SMR Vinay Metro Mall,Hyderabad,Telangana,,https://www.district.in/movies/cinemas-in-hyderabad
PVR Grand Galada Mall Pallavaram,Chennai,Tamil Nadu,,https://www.district.in/movies/cinemas-in-chennai
PVR Aerohub,Chennai,Tamil Nadu,,https://www.district.in/movies/cinemas-in-chennai
PVR Grand Mall Velachery,Chennai,Tamil Nadu,,https://www.district.in/movies/cinemas-in-chennai
PVR Palazzo The Nexus Vijaya Mall,Chennai,Tamil Nadu,,https://www.district.in/movies/cinemas-in-chennai
PVR Ampa Skywalk Mall Aminjikarai,Chennai,Tamil Nadu,,https://www.district.in/movies/cinemas-in-chennai
PVR VR Mall Anna Nagar,Chennai,Tamil Nadu,,https://www.district.in/movies/cinemas-in-chennai
PVR Sathyam Royapettah,Chennai,Tamil Nadu,,https://www.district.in/movies/cinemas-in-chennai
HDFC Millennia PVR Escape Express Avenue Mall,Chennai,Tamil Nadu,,https://www.district.in/movies/cinemas-in-chennai
PVR Heritage RSL ECR,Chennai,Tamil Nadu,,https://www.district.in/movies/cinemas-in-chennai
PVR Perambur Spectrum Mall,Chennai,Tamil Nadu,,https://www.district.in/movies/cinemas-in-chennai
PVR SKLS Galaxy Mall Red Hills,Chennai,Tamil Nadu,,https://www.district.in/movies/cinemas-in-chennai
INOX Phoenix Market City Velachery,Chennai,Tamil Nadu,,https://www.district.in/movies/cinemas-in-chennai
INOX National Virugambakkam,Chennai,Tamil Nadu,,https://www.district.in/movies/cinemas-in-chennai
INOX Chennai Citi Centre Mylapore,Chennai,Tamil Nadu,,https://www.district.in/movies/cinemas-in-chennai
INOX The Marina Mall OMR,Chennai,Tamil Nadu,,https://www.district.in/movies/cinemas-in-chennai
INOX Quest Mall Ballygunge,Kolkata,West Bengal,,https://www.district.in/movies/cinemas-in-kolkata
INOX Forum Mall Elgin Road,Kolkata,West Bengal,,https://www.district.in/movies/cinemas-in-kolkata
INOX South City Mall,Kolkata,West Bengal,,https://www.district.in/movies/cinemas-in-kolkata
INOX Hind Ganesh Chandra Avenue,Kolkata,West Bengal,,https://www.district.in/movies/cinemas-in-kolkata
INOX Metropolis Mall Hiland Park,Kolkata,West Bengal,,https://www.district.in/movies/cinemas-in-kolkata
INOX Metro JL Nehru Road,Kolkata,West Bengal,,https://www.district.in/movies/cinemas-in-kolkata
INOX Swabhumi,Kolkata,West Bengal,,https://www.district.in/movies/cinemas-in-kolkata
INOX City Centre Salt Lake,Kolkata,West Bengal,,https://www.district.in/movies/cinemas-in-kolkata
INOX City Centre II Rajarhat,Kolkata,West Bengal,,https://www.district.in/movies/cinemas-in-kolkata
INOX Star Mall Madhyamgram,Kolkata,West Bengal,,https://www.district.in/movies/cinemas-in-kolkata
PVR Manisquare,Kolkata,West Bengal,,https://www.district.in/movies/cinemas-in-kolkata
PVR Diamond Plaza Jessore Road,Kolkata,West Bengal,,https://www.district.in/movies/cinemas-in-kolkata
INOX Forum Rangoli Mall Belur,Howrah,West Bengal,,https://www.district.in/movies/cinemas-in-kolkata
PVR Avani Riverside Mall,Howrah,West Bengal,,https://www.district.in/movies/cinemas-in-kolkata
PVR ICON Pavillion Mall Shivajinagar,Pune,Maharashtra,,https://www.district.in/movies/cinemas-in-pune
PVR Kumar Pacific Mall Swargate,Pune,Maharashtra,,https://www.district.in/movies/cinemas-in-pune
PVR Directors Cut KOPA Mall,Pune,Maharashtra,,https://www.district.in/movies/cinemas-in-pune
PVR Phoenix Market City Nagar Road,Pune,Maharashtra,,https://www.district.in/movies/cinemas-in-pune
PVR Grand Highstreet Mall Hinjewadi,Pune,Maharashtra,,https://www.district.in/movies/cinemas-in-pune
INOX Bund Garden,Pune,Maharashtra,,https://www.district.in/movies/cinemas-in-pune
INOX Royal Heritage Mall NIBM,Pune,Maharashtra,,https://www.district.in/movies/cinemas-in-pune
INOX Megaplex Phoenix Mall of the Millennium Wakad,Pune,Maharashtra,,https://www.district.in/movies/cinemas-in-pune
INOX Elpro City Square Chinchwad,Pune,Maharashtra,,https://www.district.in/movies/cinemas-in-pune
INOX Jai Ganesh Vision Mall Akurdi,Pune,Maharashtra,,https://www.district.in/movies/cinemas-in-pune
PVR Arved Transcube Vijay Nagar,Ahmedabad,Gujarat,,https://www.district.in/movies/cinemas-in-ahmedabad
PVR Acropolis Mall,Ahmedabad,Gujarat,,https://www.district.in/movies/cinemas-in-ahmedabad
PVR Palladium Mall Thaltej,Ahmedabad,Gujarat,,https://www.district.in/movies/cinemas-in-ahmedabad
PVR Motera 4D Square Mall,Ahmedabad,Gujarat,,https://www.district.in/movies/cinemas-in-ahmedabad
PVR Satyamev Emporio Odhav,Ahmedabad,Gujarat,,https://www.district.in/movies/cinemas-in-ahmedabad
INOX Himalaya Mall Drive In Road,Ahmedabad,Gujarat,,https://www.district.in/movies/cinemas-in-ahmedabad
INOX R World Adalaj,Gandhinagar,Gujarat,,https://www.district.in/movies/cinemas-in-gandhinagar
INOX GT Central Mall Malviya Nagar,Jaipur,Rajasthan,,https://www.district.in/movies/cinemas-in-jaipur
INOX Pink Square Mall Raja Park,Jaipur,Rajasthan,,https://www.district.in/movies/cinemas-in-jaipur
INOX JTM Mall Malviya Nagar,Jaipur,Rajasthan,,https://www.district.in/movies/cinemas-in-jaipur
INOX Sunny Trade Center Mansarovar,Jaipur,Rajasthan,,https://www.district.in/movies/cinemas-in-jaipur
INOX Elements Mall Ajmer Road,Jaipur,Rajasthan,,https://www.district.in/movies/cinemas-in-jaipur
INOX Amrapali Circle Vaishali Nagar,Jaipur,Rajasthan,,https://www.district.in/movies/cinemas-in-jaipur
PVR Mall of Jaipur Vaishali Nagar,Jaipur,Rajasthan,,https://www.district.in/movies/cinemas-in-jaipur
PVR Sahu Hazratganj,Lucknow,Uttar Pradesh,,https://www.district.in/movies/cinemas-in-lucknow
PVR Sahara Ganj Mall,Lucknow,Uttar Pradesh,,https://www.district.in/movies/cinemas-in-lucknow
PVR Phoenix United Mall Alambagh,Lucknow,Uttar Pradesh,,https://www.district.in/movies/cinemas-in-lucknow
PVR Superplex Lulu Mall,Lucknow,Uttar Pradesh,,https://www.district.in/movies/cinemas-in-lucknow
INOX Umrao Mall Mahanagar,Lucknow,Uttar Pradesh,,https://www.district.in/movies/cinemas-in-lucknow
INOX Megaplex Emerald Ashiyana,Lucknow,Uttar Pradesh,,https://www.district.in/movies/cinemas-in-lucknow
INOX Megaplex Phoenix Palassio Mall,Lucknow,Uttar Pradesh,,https://www.district.in/movies/cinemas-in-lucknow
INOX Lucknow Crown Mall Faizabad Road,Lucknow,Uttar Pradesh,,https://www.district.in/movies/cinemas-in-lucknow
PVR Centra Industrial Phase 1,Chandigarh,Chandigarh,,https://www.district.in/movies/cinemas-in-chandigarh
PVR Elante Mall,Chandigarh,Chandigarh,,https://www.district.in/movies/cinemas-in-chandigarh
PVR DLF City Center Mall IT Park,Chandigarh,Chandigarh,,https://www.district.in/movies/cinemas-in-chandigarh
PVR Mohali Walk Sector 62,Mohali,Punjab,,https://www.district.in/movies/cinemas-in-chandigarh
PVR CP67 Mall Sector 67,Mohali,Punjab,,https://www.district.in/movies/cinemas-in-chandigarh
PVR Cosmo Mall Zirakpur,Zirakpur,Punjab,,https://www.district.in/movies/cinemas-in-chandigarh
INOX Dhillon Plaza Zirakpur,Zirakpur,Punjab,,https://www.district.in/movies/cinemas-in-chandigarh
INOX NH 22 Mall Amravati Enclave,Panchkula,Haryana,,https://www.district.in/movies/cinemas-in-chandigarh
PVR Treasure Island Mall,Indore,Madhya Pradesh,,https://www.district.in/movies/cinemas-in-indore
INOX Nexus Indore Central,Indore,Madhya Pradesh,,https://www.district.in/movies/cinemas-in-indore
INOX C-21 Mall,Indore,Madhya Pradesh,,https://www.district.in/movies/cinemas-in-indore
INOX Phoenix Pride of India,Indore,Madhya Pradesh,,https://www.district.in/movies/cinemas-in-indore
PVR Forum Mall,Kochi,Kerala,,https://www.district.in/movies/cinemas-in-kochi
PVR Mymoon,Kochi,Kerala,,https://www.district.in/movies/cinemas-in-kochi
PVR Oberon Mall,Kochi,Kerala,,https://www.district.in/movies/cinemas-in-kochi
PVR Lulu Mall,Kochi,Kerala,,https://www.district.in/movies/cinemas-in-kochi
INOX Jaswant Tuli Mall Kamptee Road,Nagpur,Maharashtra,,https://www.district.in/movies/cinemas-in-nagpur
INOX Raj Imperial Varachha Road,Surat,Gujarat,,https://www.district.in/movies/cinemas-in-surat
INOX Reliance Mega Mall Udhna,Surat,Gujarat,,https://www.district.in/movies/cinemas-in-surat
INOX VR Surat Dumas Road,Surat,Gujarat,,https://www.district.in/movies/cinemas-in-surat
PVR Rahul Raj Mall Dumas Road,Surat,Gujarat,,https://www.district.in/movies/cinemas-in-surat
PVR TransCube,Vadodara,Gujarat,,https://www.district.in/movies/cinemas-in-vadodara
PVR Nilamber Triumph Mall Saiyed Vasna,Vadodara,Gujarat,,https://www.district.in/movies/cinemas-in-vadodara
PVR EVA Mall Manjalpur,Vadodara,Gujarat,,https://www.district.in/movies/cinemas-in-vadodara
INOX Race Course Circle Ellora Park,Vadodara,Gujarat,,https://www.district.in/movies/cinemas-in-vadodara
INOX Reliance Mega Mall Old Padra Road,Vadodara,Gujarat,,https://www.district.in/movies/cinemas-in-vadodara
INOX Taksh Galaxy Mall Madhavpura,Vadodara,Gujarat,,https://www.district.in/movies/cinemas-in-vadodara
PVR Aura Mall Shahpura,Bhopal,Madhya Pradesh,,https://www.district.in/movies/cinemas-in-bhopal
INOX Prozone Mall Sathy Road,Coimbatore,Tamil Nadu,,https://www.district.in/movies/cinemas-in-coimbatore
PVR Brookefields Mall,Coimbatore,Tamil Nadu,,https://www.district.in/movies/cinemas-in-coimbatore
PVR Alveal Fun Savvy Mall,Coimbatore,Tamil Nadu,,https://www.district.in/movies/cinemas-in-coimbatore
PVR Utkal Galleria Gautam Nagar,Bhubaneswar,Odisha,,https://www.district.in/movies/cinemas-in-bhubaneswar
INOX BMC Bhawani Mall Shahid Nagar,Bhubaneswar,Odisha,,https://www.district.in/movies/cinemas-in-bhubaneswar
INOX DN Regalia Mall Patrapada,Bhubaneswar,Odisha,,https://www.district.in/movies/cinemas-in-bhubaneswar
INOX Symphony Mall Rudrapur,Bhubaneswar,Odisha,,https://www.district.in/movies/cinemas-in-bhubaneswar
INOX SGBL Square Mall Town Hall Road,Cuttack,Odisha,,https://www.district.in/movies/cinemas-in-cuttack
PVR Centrio Unison Mall,Dehradun,Uttarakhand,,https://www.district.in/movies/cinemas-in-dehradun
PVR Pacific Mall Rajpur Road,Dehradun,Uttarakhand,,https://www.district.in/movies/cinemas-in-dehradun
PVR Mall of Dehradun,Dehradun,Uttarakhand,,https://www.district.in/movies/cinemas-in-dehradun
PVR City Center Mall,Raipur,Chhattisgarh,,https://www.district.in/movies/cinemas-in-raipur
PVR Magneto The Mall,Raipur,Chhattisgarh,,https://www.district.in/movies/cinemas-in-raipur
PVR Zora The Mall,Raipur,Chhattisgarh,,https://www.district.in/movies/cinemas-in-raipur
INOX Ambuja City Centre Mowa,Raipur,Chhattisgarh,,https://www.district.in/movies/cinemas-in-raipur
PVR Pavilion Mall,Ludhiana,Punjab,,https://www.district.in/movies/cinemas-in-ludhiana
PVR Silver Arc Mall Gurdev Nagar,Ludhiana,Punjab,,https://www.district.in/movies/cinemas-in-ludhiana
PVR Avon City Mall Gurdev Nagar,Ludhiana,Punjab,,https://www.district.in/movies/cinemas-in-ludhiana
INOX VR Ambarsar Circular Road,Amritsar,Punjab,,https://www.district.in/movies/cinemas-in-amritsar
PVR SCT City Centre,Amritsar,Punjab,,https://www.district.in/movies/cinemas-in-amritsar
PVR Deep Saket Nagar,Kanpur,Uttar Pradesh,,https://www.district.in/movies/cinemas-in-kanpur
PVR South X Mall Kidwai Nagar,Kanpur,Uttar Pradesh,,https://www.district.in/movies/cinemas-in-kanpur
INOX Z Square Mall Bada Chauraha,Kanpur,Uttar Pradesh,,https://www.district.in/movies/cinemas-in-kanpur
INOX Ashok KP Mall,Patna,Bihar,,https://www.district.in/movies/cinemas-in-patna
INOX City Centre Mall Lodipur,Patna,Bihar,,https://www.district.in/movies/cinemas-in-patna
PVR City Centre GS Road,Guwahati,Assam,,https://www.district.in/movies/cinemas-in-guwahati
INOX Aurus Mall,Guwahati,Assam,,https://www.district.in/movies/cinemas-in-guwahati
INOX NCS Square Adabari,Guwahati,Assam,,https://www.district.in/movies/cinemas-in-guwahati
PVR Garuda Mall Albert Victor Road,Mysuru,Karnataka,,https://www.district.in/movies/cinemas-in-mysuru
PVR Nexus Mall Centre City Hyderali Road,Mysuru,Karnataka,,https://www.district.in/movies/cinemas-in-mysuru
INOX Centro Bangalore-Nilgiri Road,Mysuru,Karnataka,,https://www.district.in/movies/cinemas-in-mysuru
INOX Mall of Mysore MG Road,Mysuru,Karnataka,,https://www.district.in/movies/cinemas-in-mysuru
PVR Nexus Mall Pandeshwar,Mangaluru,Karnataka,,https://www.district.in/movies/cinemas-in-mangalore
INOX Osia A Wing,Margao,Goa,,https://www.district.in/movies/cinemas-in-goa
INOX Osia G Wing,Margao,Goa,,https://www.district.in/movies/cinemas-in-goa
INOX Reliance Mall Garkheda,Aurangabad,Maharashtra,,https://www.district.in/movies/cinemas-in-aurangabad
INOX Prozone Mall Chilkalthana,Aurangabad,Maharashtra,,https://www.district.in/movies/cinemas-in-aurangabad
INOX R World Kasturba Road,Rajkot,Gujarat,,https://www.district.in/movies/cinemas-in-rajkot
INOX Reliance Mega Mall,Rajkot,Gujarat,,https://www.district.in/movies/cinemas-in-rajkot
INOX Lake City Mall Ashok Nagar,Udaipur,Rajasthan,,https://www.district.in/movies/cinemas-in-udaipur
INOX Urban Square Mall Udyog Vihar,Udaipur,Rajasthan,,https://www.district.in/movies/cinemas-in-udaipur
PVR Celebration Mall,Udaipur,Rajasthan,,https://www.district.in/movies/cinemas-in-udaipur
INOX Indiabulls Mall Vijayrajey Nagar,Jodhpur,Rajasthan,,https://www.district.in/movies/cinemas-in-jodhpur
INOX ML Acropolis Mall,Siliguri,West Bengal,,https://www.district.in/movies/cinemas-in-siliguri
INOX Vega Circle Mall Sevoke Road,Siliguri,West Bengal,,https://www.district.in/movies/cinemas-in-siliguri
INOX City Centre Matigara,Siliguri,West Bengal,,https://www.district.in/movies/cinemas-in-siliguri
PVR Nucleus Mall Lalpur,Ranchi,Jharkhand,,https://www.district.in/movies/cinemas-in-ranchi
PVR KC BC Road,Jammu,Jammu and Kashmir,,https://www.district.in/movies/cinemas-in-jammu
INOX CMR Central Gajuwaka,Visakhapatnam,Andhra Pradesh,,https://www.district.in/movies/cinemas-in-vizag
INOX Chitralayaa Mall,Visakhapatnam,Andhra Pradesh,,https://www.district.in/movies/cinemas-in-vizag
INOX Varun Beach Maharanipeta,Visakhapatnam,Andhra Pradesh,,https://www.district.in/movies/cinemas-in-vizag
INOX CMR Central Maddilapalem,Visakhapatnam,Andhra Pradesh,,https://www.district.in/movies/cinemas-in-vizag
PVR Kripa Thampanoor,Thiruvananthapuram,Kerala,,https://www.district.in/movies/cinemas-in-thiruvananthapuram
PVR Lulu Mall Thiruvananthapuram,Thiruvananthapuram,Kerala,,https://www.district.in/movies/cinemas-in-thiruvananthapuram
INOX Sobha City Mall Puzhakkal,Thrissur,Kerala,,https://www.district.in/movies/cinemas-in-thrissur
PVR Ripples Mall MG Road,Vijayawada,Andhra Pradesh,,https://www.district.in/movies/cinemas-in-vijayawada
INOX Urvasi Complex Gandhi Nagar,Vijayawada,Andhra Pradesh,,https://www.district.in/movies/cinemas-in-vijayawada
INOX Laila Mall MG Road,Vijayawada,Andhra Pradesh,,https://www.district.in/movies/cinemas-in-vijayawada
INOX LEPL Icon Patamata,Vijayawada,Andhra Pradesh,,https://www.district.in/movies/cinemas-in-vijayawada
INOX Vishaal De Mall Gokhale Road,Madurai,Tamil Nadu,,https://www.district.in/movies/cinemas-in-madurai
PVR Anjana Mall,Agra,Uttar Pradesh,,https://www.district.in/movies/cinemas-in-agra
PVR KA Mall,Jabalpur,Madhya Pradesh,,https://www.district.in/movies/cinemas-in-jabalpur
PVR Mall 11,Jabalpur,Madhya Pradesh,,https://www.district.in/movies/cinemas-in-jabalpur
INOX DB Mall Race Course Road,Gwalior,Madhya Pradesh,,https://www.district.in/movies/cinemas-in-gwalior
PVR Keshar Towers Race Course Road,Gwalior,Madhya Pradesh,,https://www.district.in/movies/cinemas-in-gwalior
PVR MBD Neopolis Mall,Jalandhar,Punjab,,https://www.district.in/movies/cinemas-in-jalandhar
PVR Friends,Jalandhar,Punjab,,https://www.district.in/movies/cinemas-in-jalandhar
PVR Curo 66 Feet Road,Jalandhar,Punjab,,https://www.district.in/movies/cinemas-in-jalandhar
INOX Jalandhar Reliance Mall,Jalandhar,Punjab,,https://www.district.in/movies/cinemas-in-jalandhar
INOX Reliance Mega Mall Laxmipuri,Kolhapur,Maharashtra,,https://www.district.in/movies/cinemas-in-kolhapur
PVR DYP City Mall Kavala Naka,Kolhapur,Maharashtra,,https://www.district.in/movies/cinemas-in-kolhapur
INOX Reliance Mall Five Roads,Salem,Tamil Nadu,,https://www.district.in/movies/cinemas-in-salem
PVR Inorbit Mall Hubli,Hubballi,Karnataka,,https://www.district.in/movies/cinemas-in-hubli
INOX Smartcity Mall P B Road,Dharwad,Karnataka,,https://www.district.in/movies/cinemas-in-hubli
INOX Ahluwalias Great Mall Dhanmandi,Kota,Rajasthan,,https://www.district.in/movies/cinemas-in-kota
PVR Cinemall Indraprastha Industrial Area,Kota,Rajasthan,,https://www.district.in/movies/cinemas-in-kota
PVR Mittal Mall Prithviraj Marg,Ajmer,Rajasthan,,https://www.district.in/movies/cinemas-in-ajmer
INOX City Square Mall Panchsheel Nagar,Ajmer,Rajasthan,,https://www.district.in/movies/cinemas-in-ajmer
PVR VRC City Multiplex Mall,Patiala,Punjab,,https://www.district.in/movies/cinemas-in-patiala
PVR Phoenix United Mall Bareilly,Bareilly,Uttar Pradesh,,https://www.district.in/movies/cinemas-in-bareilly
INOX Orion Mall Mohaddipur,Gorakhpur,Uttar Pradesh,,https://www.district.in/movies/cinemas-in-gorakhpur
INOX City Mall Civil Lines,Gorakhpur,Uttar Pradesh,,https://www.district.in/movies/cinemas-in-gorakhpur
PVR Venus Mall,Gorakhpur,Uttar Pradesh,,https://www.district.in/movies/cinemas-in-gorakhpur
PVR Treasure Island Nehru Nagar,Bhilai,Chhattisgarh,,https://www.district.in/movies/cinemas-in-bhilai
PVR Warangal Maddox Mall Girmajipet,Warangal,Telangana,,https://www.district.in/movies/cinemas-in-warangal
INOX Crystal Mall,Jamnagar,Gujarat,,https://www.district.in/movies/cinemas-in-jamnagar
PVR Utsav JCR Entertainment World JCR Firestone Mall,Jamnagar,Gujarat,,https://www.district.in/movies/cinemas-in-jamnagar
PVR Treasure Bazaar Mall Nanakheda,Ujjain,Madhya Pradesh,,https://www.district.in/movies/cinemas-in-ujjain
